id_x,company_id,year,net_profit_margin_pct,operating_profit_margin_pct,return_on_equity_pct,debt_to_equity,interest_coverage,asset_turnover,free_cash_flow_cr,capex_cr,earnings_per_share,book_value_per_share,dividend_payout_ratio_pct,total_debt_cr,cash_from_operations_cr,id_market,market_cap_crore,enterprise_value_crore,pe_ratio,pb_ratio,ev_ebitda,dividend_yield_pct,id_pl,sales,expenses,operating_profit,opm_percentage,other_income,interest,depreciation,profit_before_tax,tax_percentage,net_profit,eps,dividend_payout,id_cf,operating_activity,investing_activity,financing_activity,net_cash_flow,id_bs,equity_capital,reserves,borrowings,other_liabilities,total_liabilities,fixed_assets,cwip,investments,other_asset,total_assets,id_y,broad_sector,sub_sector,index_weight_pct,market_cap_category,id,company_logo,company_name,chart_link,about_company,website,nse_profile,bse_profile,face_value,book_value,roce_percentage,roe_percentage,revenue_cagr,pat_cagr,free_cash_flow_cagr,cfo_pat_ratio,eps_cagr,composite_score,rank
579,IRCTC,2023,28.41,36.04,40.6,0.03,89.0,0.7,495.0,317.0,13.0,44.0,44.0,84.0,812.0,305.0,1359334.39,1302404.03,22.05,11.74,14.17,2.02,744,3541.0,2265.0,1276.0,36.0,148.0,16.0,54.0,1354.0,26.0,1006.0,13.0,44.0,689.0,812.0,-317.0,-434.0,61.0,816,160.0,2318.0,84.0,2526.0,5089.0,351.0,34.0,0.0,4704.0,5089.0,51,Consumer Discretionary,Travel & Tourism,3.97,Mid Cap,IRCTC,https://mkt.in/static/mkt-icons/nifty100/IRCTC.png,Indian Railway Catering & Tourism Corporation Ltd,https://in.tradingview.com/chart/?symbol=NSE%3AIRCTC,"Incorporated in 1999, IRCTC is a Mini Ratna (Category 1, Central Public Sector Enterprises ) and the only company authorized by the Indian government to provide online railway tickets, catering services, and packaged drinking water
at railway stations and trains in India",http://www.irctc.com/,https://www.nseindia.com/get-quotes/equity?symbol=IRCTC,https://www.bseindia.com/stock-share-price/indian-railway-catering-tourism-corporation-ltd/IRCTC/542830/,2.0,44.0,53.8,40.4,16.75656887152892,26.81198686210522,45.37464474156747,0.8071570576540755,0.826821355230245,89.38392745782409,1
10,ABB,2022,16.26,22.02,28.33,0.05,61.32,1.16,552.0,396.0,376.0,1657.0,73.0,152.0,948.0,4.0,1185994.82,1158637.42,18.68,4.75,6.12,3.35,70,4913.0,3832.0,1082.0,22.0,83.0,19.0,66.0,1080.0,26.0,799.0,376.0,73.0,81.0,4097.0,-3936.0,-235.0,-75.0,145,21.0,2799.0,152.0,1253.0,4224.0,271.0,1.0,0.0,3952.0,4224.0,1,Industrials,Capital Goods,0.81,Large Cap,ABB,https://mkt.in/static/mkt-icons/nifty100/ABB.png,Abbott India Ltd,https://in.tradingview.com/chart/?symbol=NSE%3AABBOTINDIA,Abbott India Ltd is one of the leading multinational pharmaceutical companies in India and sells its products through independent distributors primarily within India.,https://www.abbott.co.in/,https://www.nseindia.com/get-quotes/equity?symbol=ABBOTINDIA,https://www.bseindia.com/stock-share-price/abbott-india-ltd/ABBOTINDIA/500488/,10.0,1657.0,46.0,34.9,12.1738707400457,21.191023990902647,30.677501093386518,5.127659574468085,21.225644906965012,79.84691436811538,2
1055,INDIGO,2024,11.85,76.3,892.57,0.02,22.61,56.39,9424.0,11759.0,212.0,97.0,0.0,17.0,21183.0,282.0,1040632.92,1061542.29,76.23,7.87,24.64,4.27,1373,68904.0,4805.0,52573.0,16331.0,24.0,2326.0,6406.0,8043.0,-2.0,8167.0,212.0,0.0,644.0,21183.0,-11759.0,-9979.0,-555.0,769,48.0,905.0,20.0,266.0,1239.0,570.0,64.0,178.0,427.0,1239.0,47,Consumer Discretionary,Airlines,3.03,Large Cap,INDIGO,https://rb.gy/rv6gr8,Interglobe Aviation Ltd,https://in.tradingview.com/chart/?symbol=NSE%3AINDIGO,"Interglobe Aviation Ltd (Indigo) is India's largest passenger airline operating as a low-cost carrier. Serving 86 destinations including 24 international destinations, it provides passengers with a simple, unbundled product, fulfilling its singular brand promise of providing \""low fares, on-time flights, and a courteous and hassle-free service\"" to its customers. IndiGo commenced operations in August 2006 with a single aircraft and has grown its fleet to 262 aircrafts.",http://www.goindigo.in/,https://www.nseindia.com/get-quotes/equity?symbol=INDIGO,https://www.bseindia.com/stock-share-price/interglobe-aviation-ltd/INDIGO/539448/,10.0,97.0,24.5,,20.083457250362848,23.700547063638933,,2.5937308681278317,-35.335850219780816,72.2209720896724,3
416,HAL,2024,25.0,32.09,3816.58,0.62,270.88,67.51,1814.0,6412.0,114.0,465.0,31.0,123.0,8226.0,216.0,2643616.86,3140281.78,71.89,3.65,8.76,2.77,540,30381.0,20631.0,9749.0,32.0,1899.0,43.0,1406.0,10199.0,26.0,7595.0,114.0,31.0,513.0,8226.0,-6412.0,-1999.0,-185.0,616,5.0,202.0,124.0,145.0,476.0,244.0,3.0,48.0,181.0,476.0,36,Industrials,Defence & Aerospace,1.6,Large Cap,HAL,https://mkt.in/static/mkt-icons/nifty100/HAL.png,Hindustan Aeronautics Ltd,https://in.tradingview.com/chart/qGsydD2w/?symbol=NSE%3AAMBUJACEM.T0,"Hindustan Aeronautics is engaged in the business of Manufacture of Aircraft and Helicopters and Repair, Maintenance of Aircraft and Helicopters",https://hal-india.co.in/,https://www.nseindia.com/get-quotes/equity?symbol=HAL,https://www.bseindia.com/stock-share-price/hindustan-aeronautics-ltd/HAL/541154/,5.0,465.0,38.9,28.9,7.720282781323262,18.165728505247316,,1.0830809743252139,19.184108556600755,72.04555511001459,4
982,TCS,2023,18.76,26.28,46.78,0.09,80.5,1.58,41417.0,548.0,115.0,281.0,100.0,7688.0,41965.0,521.0,405916.42,410957.48,8.74,13.8,29.01,3.1,1195,225458.0,166199.0,59259.0,26.0,3449.0,779.0,5022.0,56907.0,26.0,42303.0,115.0,100.0,1108.0,41965.0,548.0,-47878.0,-5365.0,1424,366.0,90058.0,7688.0,44747.0,142859.0,20515.0,1234.0,37163.0,83947.0,142859.0,87,Information Technology,IT Services,1.1,Large Cap,TCS,https://images.5paisa.com/MarketIcons/TCS.png,Tata Consultancy Services Ltd,https://www.tradingview.com/chart/?symbol=NSE%3ATCS,"Tata Consultancy Services is the flagship company and a part of Tata group. It is an IT services, consulting and business solutions organization that has been partnering with many of the world's largest businesses in their transformation journeys for over 50 years. TCS offers a consulting-led, cognitive powered, integrated portfolio of business, technology and engineering services and solutions.",https://www.tcs.com/,https://www.nseindia.com/get-quotes/equity?symbol=TCS,https://www.bseindia.com/stock-share-price/tata-consultancy-services-ltd/TCS/532540/,1.0,281.0,64.3,0.52,12.969173527526845,11.387761678665665,19.12910655392772,0.9920100229298159,12.143172548893544,69.29641485065808,5
250,BRITANNIA,2023,14.21,17.37,65.53,0.85,20.28,1.74,1019.0,1507.0,96.0,133.0,75.0,2997.0,2526.0,131.0,285063.86,344785.02,25.49,4.57,25.98,4.06,357,16301.0,13470.0,2831.0,17.0,597.0,169.0,226.0,3033.0,24.0,2316.0,96.0,75.0,348.0,2526.0,-1507.0,-1028.0,-9.0,436,24.0,3510.0,2997.0,2819.0,9351.0,2655.0,105.0,3324.0,3266.0,9351.0,22,Consumer Staples,Food Products,0.66,Large Cap,BRITANNIA,https://mkt.in/static/mkt-icons/nifty100/BRITANNIA.png,Britannia Industries Ltd,https://in.tradingview.com/chart/qGsydD2w/?symbol=NSE%3AAMBUJACEM.T0,"Britannia Industries is one of Indias leading food companies with a 100 year legacy and annual revenues in excess of Rs. 9000 Cr. Britannia is among the most trusted food brands, and manufactures Indias favorite brands like Good Day, Tiger, NutriChoice, Milk Bikis and Marie Gold which are household names in India. Britannias product portfolio includes Biscuits, Bread, Cakes, Rusk, and Dairy products including Cheese, Beverages, Milk and Yoghurt.",https://www.britannia.co.in/,https://www.nseindia.com/get-quotes/equity?symbol=BRITANNIA,https://www.bseindia.com/stock-share-price/britannia-industries-ltd/BRITANNIA/500825/,1.0,133.0,48.9,57.1,9.49111037408743,21.090760318638814,19.624172867078293,1.0906735751295338,20.93310705080047,68.13120273705573,6
199,BEL,2020,14.07,21.28,3318.18,0.8,357.25,106.3,1921.0,649.0,3.0,24.0,37.0,44.0,2570.0,98.0,902791.12,1056022.12,59.94,4.28,25.39,3.79,302,12968.0,10209.0,2759.0,21.0,99.0,8.0,372.0,2478.0,28.0,1825.0,3.0,37.0,285.0,2570.0,-649.0,-1061.0,861.0,368,11.0,44.0,44.0,23.0,122.0,14.0,0.0,0.0,108.0,122.0,17,Industrials,Defence Electronics,3.65,Large Cap,BEL,https://mkt.in/static/mkt-icons/nifty100/BEL.png,Bharat Electronics Ltd,https://in.tradingview.com/chart/?symbol=NSE%3ABEL,"Incorporated in 1954, Bharat Electronics Ltd manufactures and supplies electronic equipment and systems to the defence sector. Company also has a limited presence in the civilian market",http://www.bel-india.in/,https://www.nseindia.com/get-quotes/equity?symbol=BEL,https://www.bseindia.com/stock-share-price/bharat-electronics-ltd/BEL/500049/,1.0,24.0,34.6,26.3,11.250824192187213,14.357470570225338,,1.4082191780821918,15.755791177065447,66.74434621163914,7
696,LTIM,2024,12.91,17.98,22.9,0.1,31.93,1.29,1752.0,3918.0,155.0,711.0,42.0,2071.0,5670.0,372.0,1347046.9,1647384.23,64.52,2.38,18.9,4.43,872,35517.0,29130.0,6387.0,18.0,702.0,222.0,819.0,6049.0,24.0,4585.0,155.0,42.0,809.0,5670.0,-3918.0,-2269.0,-518.0,961,30.0,21045.0,2326.0,5361.0,28761.0,5450.0,498.0,9664.0,13149.0,28761.0,62,Information Technology,IT Services,2.64,Large Cap,LTIM,,LTIMindtree Ltd,https://mkt.in/static/mkt-icons/nifty100/ABB.png,"LTIMindtree Limited is an Indian multinational information technology services and consulting company based in Mumbai. A subsidiary of Larsen & Toubro, the company was incorporated in 1996 and employs more than 81,000 people",https://www.ltimindtree.com/,https://www.nseindia.com/get-quotes/equity?symbol=LTIM,https://www.bseindia.com/stock-share-price/ltimindtree-ltd/ltim/540005/,1.0,711.0,34.1,26.04,22.38122500495996,21.02441783355038,14.796205839600551,1.2366412213740459,-1.0456778502113573,65.41046218230038,8
522,ICICIGI,2024,9.37,87.42,15.72,0.0,160.03,0.32,486.0,1921.0,39.0,275.0,28.0,35.0,2407.0,270.0,1271789.21,1382030.89,49.0,7.86,36.96,3.46,656,20487.0,0.0,17910.0,2577.0,13.0,112.0,134.0,2555.0,25.0,1919.0,39.0,28.0,620.0,2407.0,-1921.0,-355.0,131.0,743,495.0,13130.0,0.0,54389.0,68014.0,760.0,0.0,51557.0,15697.0,68014.0,45,Financials,General Insurance,3.51,Large Cap,ICICIGI,https://mkt.in/static/mkt-icons/nifty100/ICICIGI.png,ICICI Lombard General Insurance Company Ltd,https://in.tradingview.com/chart/?symbol=NSE%3AICICIGI,ICICI Lombard General Insurance Co. Ltd is one of the leading and established private sector general insurance companies in India. It offers a well-diversified range of products and risk management solutions through multiple distribution channels,http://www.icicilombard.com/,https://www.nseindia.com/get-quotes/equity?symbol=ICICIGI,https://www.bseindia.com/stock-share-price/icici-lombard-general-insurance-company-ltd/ICICIGI/540716/,10.0,275.0,22.5,17.0,15.97765224573795,16.639454275371392,32.49553261764786,1.2542991141219386,15.489671829561292,64.93130848730237,9
371,EICHERMOT,2024,24.2,26.18,22.17,0.02,114.71,0.72,890.0,2834.0,146.0,693.0,35.0,419.0,3724.0,192.0,222391.83,234358.89,15.62,13.61,19.29,4.41,488,16536.0,12206.0,4329.0,26.0,1521.0,51.0,598.0,5202.0,23.0,4001.0,146.0,35.0,469.0,3724.0,-2834.0,-844.0,45.0,567,27.0,18952.0,404.0,4997.0,24380.0,3490.0,230.0,14693.0,5968.0,24380.0,32,Consumer Discretionary,Two Wheelers,3.13,Large Cap,EICHERMOT,https://mkt.in/static/mkt-icons/nifty100/EICHERMOT.png,Eicher Motors Ltd,https://in.tradingview.com/chart/qGsydD2w/?symbol=NSE%3AAMBUJACEM.T0,"Eicher Motors Limited, incorporated in 1982, is the listed company of the Eicher Group in India and a leading player in the Indian automobile industry and the global leader in middleweight motorcycles.
Eicher has a joint venture with Sweden's AB Volvo to create Volvo Eicher Commercial Vehicles Limited (VECV). VECV is engaged in truck and bus operations, auto components business, and technical",https://www.eicher.in/,https://www.nseindia.com/get-quotes/equity?symbol=EICHERMOT,https://www.bseindia.com/stock-share-price/eicher-motors-ltd/EICHERMOT/505200/,1.0,693.0,31.1,24.2,9.02825344217768,21.3763534266848,,0.9307673081729567,25.50238079750391,63.410146596695505,10
438,HCLTECH,2023,14.63,22.3,22.7,0.07,67.95,1.09,14436.0,3573.0,55.0,254.0,88.0,4794.0,18009.0,227.0,385586.15,451405.41,9.19,2.28,10.69,3.4,565,101456.0,78828.0,22628.0,22.0,1358.0,353.0,4145.0,19488.0,24.0,14845.0,55.0,88.0,536.0,18009.0,-3573.0,-15881.0,-1445.0,640,543.0,64862.0,4794.0,23051.0,93250.0,34619.0,40.0,5495.0,53096.0,93250.0,38,Information Technology,IT Services,2.5,Large Cap,HCLTECH,https://mkt.in/static/mkt-icons/nifty100/HCLTECH.png,HCL Technologies Ltd,https://in.tradingview.com/chart/qGsydD2w/?symbol=NSE%3AAMBUJACEM.T0,"HCL Tech is a leading global IT services company, which is ranked amongst the top five Indian IT services companies in terms of revenues. Since its inception into the global landscape after its IPO in 1999, HCL Tech has focused on transformational outsourcing, and offers an integrated portfolio of services including software-led IT solutions, remote infrastructure management, engineering and R&D services and BPO. The company leverages its extensive global offshore infrastructure and network of offices in 46",https://www.hcltech.com/,https://www.nseindia.com/get-quotes/equity?symbol=HCLTECH,https://www.bseindia.com/stock-share-price/hcl-technologies-ltd/HCLTECH/532281/,2.0,254.0,29.6,23.3,15.694617451413517,14.545882358679417,22.212934647485973,1.2131357359380264,15.273636995125317,63.024624648919705,11
102,ASIANPAINT,2024,15.66,21.37,29.68,0.13,41.0,1.19,3556.0,2548.0,57.0,188.0,58.0,2474.0,6104.0,54.0,2126725.18,2475080.63,73.37,3.9,23.94,2.42,196,35495.0,27910.0,7585.0,21.0,821.0,205.0,853.0,7348.0,24.0,5558.0,57.0,58.0,174.0,6104.0,-2548.0,-2982.0,573.0,278,96.0,17928.0,2516.0,8934.0,29474.0,7879.0,2272.0,3695.0,15629.0,29474.0,9,Materials,Paints & Coatings,1.13,Large Cap,ASIANPAINT,https://mkt.in/static/mkt-icons/nifty100/ASIANPAINT.png,"Asian Paints
Indian Multi-National Paint and Coating Manufacturing Company",https://in.tradingview.com/chart/?symbol=NSE%3AASIANPAINT,"Asian Paints Ltd is an Indian multinational paint company, headquartered in Mumbai. The company is engaged in the business of manufacturing, selling and distribution of paints, coatings, products related to home decor, bath fittings and providing related services.",https://www.asianpaints.com/,https://www.nseindia.com/get-quotes/equity?symbol=ASIANPAINT,https://www.bseindia.com/stock-share-price/asian-paints-ltd/asianpaint/500820/,1.0,188.0,41.75,31.45,11.705320941335007,15.308162187698926,15.56823256217168,1.0982367758186398,15.217275357513383,62.81265826219569,12
604,ITC,2024,29.28,37.02,27.85,0.0,362.96,0.77,15616.0,1563.0,16.0,60.0,84.0,303.0,17179.0,318.0,332245.58,369131.93,47.85,3.24,17.19,4.26,771,70866.0,44634.0,26233.0,37.0,2804.0,80.0,1816.0,27140.0,24.0,20751.0,16.0,84.0,711.0,17179.0,1563.0,-18551.0,191.0,844,1251.0,74015.0,304.0,18501.0,94071.0,29492.0,1387.0,28409.0,34784.0,94071.0,53,Consumer Staples,Diversified FMCG,1.39,Large Cap,ITC,https://mkt.in/static/mkt-icons/nifty100/ITC.png,ITC Ltd,https://in.tradingview.com/chart/?symbol=ITC,"ITC Limited is an Indian conglomerate, headquartered in Kolkata. It has a presence across six business segments, namely FMCG, hotels, agribusiness, information technology, paper products, and packaging.",https://www.itcportal.com/,https://www.nseindia.com/get-quotes/equity?symbol=ITC,https://www.bseindia.com/stock-share-price/itc-ltd/itc/500875/,1.0,60.0,34.76,29.47,7.612806258058069,9.425931069584559,15.431774102380391,0.8278637174112091,9.326244608521828,62.38280357433424,13
660,LICI,2024,4.84,3.87,49.45,0.0,371.94,0.16,853.0,25269.0,66.0,154.0,15.0,0.0,26122.0,354.0,183583.67,205478.22,30.67,8.1,12.21,3.77,833,845966.0,813188.0,32779.0,4.0,14829.0,128.0,466.0,47014.0,13.0,40916.0,66.0,15.0,767.0,26122.0,-25269.0,-4427.0,-3574.0,994,6325.0,91312.0,10.0,5621474.0,5719121.0,4197.0,0.0,5413779.0,301145.0,5719121.0,59,Financials,Life Insurance,2.18,Large Cap,LICI,https://mkt.in/static/mkt-icons/nifty100/LICI.png,Life Insurance Corporation of India,https://in.tradingview.com/chart/?symbol=NSE%3ALICI,Life Insurance Corporation of India is an Indian multinational public sector life insurance company headquartered in Mumbai,https://www.licindia.in/,https://www.nseindia.com/get-quotes/equity?symbol=LICI,https://www.bseindia.com/stock-share-price/life-insurance-corporation-of-india/lici/543526/,10.0,154.0,63.79,63.61,8.15986061977938,73.17556747076097,-25.18007521270632,0.6384299540522045,111.25903832908759,62.32867534157976,14
558,INFY,2024,17.08,23.7,29.79,0.09,87.52,1.13,20117.0,5093.0,63.0,218.0,,8359.0,25210.0,294.0,1112279.92,1372029.68,35.99,8.97,36.7,4.1,721,153670.0,117245.0,36425.0,24.0,4711.0,470.0,4678.0,35988.0,27.0,26248.0,63.0,,668.0,25210.0,-5093.0,-17504.0,2613.0,794,2072.0,88391.0,8804.0,42603.0,141870.0,31917.0,505.0,17394.0,92054.0,141870.0,49,Information Technology,IT Services,3.37,Large Cap,INFY,https://images.5paisa.com/MarketIcons/INFY.png,Infosys Ltd,https://in.tradingview.com/chart/?symbol=NSE%3AINFY,"Infosys Ltd provides consulting, technology, outsourcing and next-generation digital services to enable clients to execute strategies for their digital transformation",http://www.infosys.com/,https://www.nseindia.com/get-quotes/equity?symbol=INFY,https://www.bseindia.com/stock-share-price/infosys-ltd/INFY/500209/,5.0,218.0,40.0,31.8,12.925778520018305,9.754152854304344,14.697791723983645,0.9604541298384639,10.50315033964666,61.79565044877409,15
1031,TRENT,2024,11.94,15.93,36.31,0.43,8.04,1.73,841.0,508.0,42.0,132.0,8.0,1753.0,1349.0,546.0,571322.04,566293.08,8.65,11.82,34.65,3.46,1248,12375.0,10404.0,1971.0,16.0,989.0,368.0,671.0,1921.0,23.0,1477.0,42.0,8.0,1157.0,1349.0,-508.0,-629.0,211.0,1361,36.0,4644.0,1842.0,1752.0,8274.0,2804.0,219.0,1517.0,3735.0,8274.0,91,Consumer Discretionary,Retail,0.73,Large Cap,TRENT,https://mkt.in/static/mkt-icons/nifty100/TRENT.png,Trent Ltd,https://in.tradingview.com/chart/qGsydD2w/?symbol=NSE%3AAMBUJACEM.T0,"Trent Ltd is engaged in retailing of apparels, footwear, accessories, toys, games, food, grocery & non food products through various of its retail formats/ concepts.[1]",https://trentlimited.com/,https://www.nseindia.com/get-quotes/equity?symbol=TRENT,https://www.bseindia.com/stock-share-price/trent-ltd/TRENT/500251/,1.0,132.0,23.8,27.2,17.33634235101238,,,0.913337846987136,,60.37858693007511,16
121,BAJAJ-AUTO,2024,17.18,19.53,26.61,0.07,174.42,1.14,6486.0,72.0,276.0,1109.0,29.0,1912.0,6558.0,72.0,653817.3,679803.97,29.91,9.83,20.14,3.59,217,44870.0,36106.0,8765.0,20.0,1700.0,60.0,365.0,10040.0,23.0,7708.0,276.0,29.0,231.0,6558.0,-72.0,-6167.0,319.0,311,279.0,30700.0,5245.0,9618.0,45842.0,3214.0,141.0,28552.0,13934.0,45842.0,12,Consumer Discretionary,Two Wheelers,3.9,Large Cap,BAJAJ-AUTO,https://mkt.in/static/mkt-icons/nifty100/BAJAJ-AUTO.png,Bajaj Auto Ltd,https://in.tradingview.com/chart/qGsydD2w/?symbol=NSE%3AAMBUJACEM.T0,"Bajaj Auto, the flagship company of Bajaj Group, is a two-wheeler and three-wheeler manufacturing company that exports to 79 countries across several countries in Latin America, Southeast Asia, and many more. Its headquarter is in Pune, India.
It has acquired 48% of the KTM Brand which manufactures sports and super sports two-wheelers, which was 14% in 2007 when the company first acquired KTM. [1]",https://www.bajajauto.com/,https://www.nseindia.com/get-quotes/equity?symbol=BAJAJ-AUTO,https://www.bseindia.com/stock-share-price/bajaj-auto-ltd/BAJAJ-AUTO/532977/,10.0,1109.0,33.5,26.5,7.610103604680107,8.528488754088425,20.63103849143375,0.8508043591074209,8.904072491972158,59.32569761038789,17
756,NESTLEIND,2024,16.12,23.83,117.75,0.1,41.19,2.32,2938.0,1237.0,41.0,41.0,79.0,345.0,4175.0,402.0,1677775.19,1677279.88,54.96,14.34,15.49,3.85,937,24394.0,18581.0,5813.0,24.0,159.0,145.0,538.0,5289.0,26.0,3933.0,41.0,79.0,869.0,4175.0,-1237.0,-3135.0,-198.0,896,96.0,3894.0,370.0,6747.0,11108.0,3925.0,2340.0,786.0,4057.0,11108.0,67,Consumer Staples,Food Products,0.94,Large Cap,NESTLEIND,https://mkt.in/static/mkt-icons/nifty100/NESTLEIND.png,Nestle India Ltd,https://in.tradingview.com/chart/?symbol=NSE%3ANESTLEIND,"Nestle India Limited is the Indian subsidiary of Nestle which is a Swiss multinational company. The company is headquartered in Gurgaon, Haryana. The company's products include food, beverages, chocolate, and confectioneries.",https://www.nestle.in/,https://www.nseindia.com/get-quotes/equity?symbol=NESTLEIND,https://www.bseindia.com/stock-share-price/nestle-india-ltd/nestleind/500790/,1.0,41.0,185.43,135.61,9.377179141984705,12.123679940401999,7.289119583372683,1.0615306381896772,11.817384166395772,58.70669705300885,18
299,COALINDIA,2024,26.26,66.29,45.17,0.08,11.24,0.6,13617.0,4486.0,61.0,156.0,42.0,6523.0,18103.0,156.0,454024.84,574785.39,34.27,14.75,25.15,4.38,410,142324.0,819.0,94352.0,47971.0,34.0,8396.0,6735.0,48813.0,23.0,37369.0,61.0,42.0,397.0,18103.0,-4486.0,-13899.0,-282.0,489,6163.0,90034.0,7816.0,145345.0,249359.0,83642.0,16129.0,9058.0,140529.0,249359.0,26,Materials,Mining & Metals,2.46,Large Cap,COALINDIA,https://mkt.in/static/mkt-icons/nifty100/COALINDIA.png,Coal India Ltd,https://in.tradingview.com/chart/?symbol=NSE%3ACOALINDIA,"Coal India Ltd is mainly engaged in mining and production of Coal and also operates Coal washeries. The major consumers of the company are power and steel sectors. Consumers from other sectors include cement, fertilizers, brick kilns etc.",http://www.coalindia.in/,https://www.nseindia.com/get-quotes/equity?symbol=COALINDIA,https://www.bseindia.com/stock-share-price/coal-india-ltd/COALINDIA/533278/,10.0,156.0,63.6,52.0,6.901870831390378,7.220628498640447,5.863057152249307,0.48443897348069254,7.690832361639011,56.09389257260395,19
994,TECHM,2023,9.11,14.57,17.39,0.1,26.77,1.16,5346.0,226.0,50.0,270.0,91.0,2740.0,5572.0,527.0,3048920.3,3745542.3,41.79,3.57,36.87,3.25,1208,53290.0,45527.0,7763.0,15.0,965.0,326.0,1957.0,6446.0,25.0,4857.0,50.0,91.0,1120.0,5572.0,-226.0,-5078.0,267.0,1450,440.0,27484.0,2740.0,15162.0,45827.0,14932.0,120.0,3388.0,27388.0,45827.0,88,Information Technology,IT Services,2.39,Large Cap,TECHM,https://mkt.in/static/mkt-icons/nifty100/TECHM.png,Tech Mahindra Ltd,https://in.tradingview.com/chart/qGsydD2w/?symbol=NSE%3AAMBUJACEM.T0,"Tech Mahindra Ltd provides comprehensive range of IT services, including IT enabled service, application development and",https://www.techmahindra.com/,https://www.nseindia.com/get-quotes/equity?symbol=TECHM,https://www.bseindia.com/stock-share-price/tech-mahindra-ltd/TECHM/532755/,5.0,270.0,11.9,8.63,20.196841001530764,5.668311519254132,32.28517405641733,1.1472102120650607,-0.37042128253242934,55.880757064673325,20
923,SUNPHARMA,2024,19.82,26.84,15.09,0.05,58.33,0.57,11372.0,763.0,40.0,288.0,34.0,3274.0,12135.0,492.0,1339586.09,1264175.16,37.9,6.71,21.41,3.88,1131,48497.0,35479.0,13018.0,28.0,865.0,238.0,2557.0,11088.0,13.0,9610.0,40.0,34.0,1049.0,12135.0,-763.0,-6710.0,4662.0,1322,240.0,68875.0,2572.0,16429.0,88116.0,28318.0,1150.0,17744.0,40904.0,88116.0,82,Healthcare,Pharmaceuticals,0.3,Large Cap,SUNPHARMA,https://mkt.in/static/mkt-icons/nifty100/SUNPHARMA.png,Sun Pharmaceuticals Industries Ltd,https://in.tradingview.com/chart/qGsydD2w/?symbol=NSE%3AAMBUJACEM.T0,"Sun Pharmaceutical Industries Ltd is engaged in the business of manufacturing, developing and marketing a wide range of branded and generic formulations and Active Pharma Ingredients (APIs). The company and its subsidiaries has various manufacturing facilities spread across the world with trading and other incidental and related activities extending to global market.[1] It is the largest pharmaceutical company in India.[2]",https://sunpharma.com/,https://www.nseindia.com/get-quotes/equity?symbol=SUNPHARMA,https://www.bseindia.com/stock-share-price/sun-pharmaceuticals-industries-ltd/SUNPHARMA/524715/,1.0,288.0,17.3,16.7,14.316083130091606,9.705653293530192,24.940231338729358,1.2627471383975026,10.014102370419486,55.84318022170323,21
568,IOC,2022,4.37,8.1,19.27,0.99,9.55,1.43,4453.0,21294.0,18.0,129.0,46.0,132020.0,25747.0,298.0,1605938.54,1867479.2,79.84,7.17,29.72,3.59,732,589321.0,541563.0,47758.0,8.0,4332.0,5454.0,12348.0,34289.0,25.0,25727.0,18.0,46.0,678.0,25747.0,-21294.0,-4058.0,395.0,804,9181.0,124354.0,132020.0,145327.0,410882.0,160514.0,47469.0,52352.0,150546.0,410882.0,50,Energy,Oil & Gas Refining,0.27,Mid Cap,IOC,https://mkt.in/static/mkt-icons/nifty100/IOC.png,Indian Oil Corporation,https://in.tradingview.com/chart/?symbol=NSE%3AIOC,"Indian Oil Corporation Limited, trading as IndianOil, is an Indian multinational oil and gas company under the ownership of Government of India and administrative control of the Ministry of Petroleum and Natural Gas.",https://www.iocl.com/,https://www.nseindia.com/get-quotes/equity?symbol=IOC,https://www.bseindia.com/stock-share-price/indian-oil-corporation-ltd/ioc/530965/,10.0,129.0,21.31,25.44,4.836190767394699,25.24970800474813,84.8618804466276,1.00077739339993,23.284673944206613,55.83164185767635,22
227,BOSCHLTD,2024,14.89,12.52,20.64,0.0,71.78,0.96,970.0,283.0,844.0,4319.0,44.0,39.0,1253.0,120.0,2599556.05,2628370.51,58.43,6.47,16.07,4.23,332,16727.0,14632.0,2095.0,13.0,1566.0,51.0,430.0,3181.0,22.0,2490.0,844.0,44.0,325.0,1253.0,283.0,-1452.0,84.0,412,30.0,12708.0,31.0,5752.0,18521.0,1653.0,282.0,5821.0,10766.0,18521.0,20,Consumer Discretionary,Auto Ancillaries,2.82,Large Cap,BOSCHLTD,https://mkt.in/static/mkt-icons/nifty100/BOSCHLTD.png,Bosch Ltd,https://in.tradingview.com/chart/qGsydD2w/?symbol=NSE%3AAMBUJACEM.T0,"Bosch Ltd has presence across automotive technology, industrial technology, consumer goods and energy and building technology. It manufactures and trades in products such as diesel and gasoline fuel injection systems, automotive aftermarket products, industrial equipment, electrical power tools, security systems",https://www.bosch.in/,https://www.nseindia.com/get-quotes/equity?symbol=BOSCHLTD,https://www.bseindia.com/stock-share-price/bosch-ltd/BOSCHLTD/500530/,10.0,4319.0,20.6,16.0,6.168451574472078,9.071721336588446,31.678783874257753,0.5032128514056224,9.694711827188662,54.30737926275019,23
681,LT,2021,9.5,17.25,176.9,0.11,2.69,12.7,17324.0,5750.0,82.0,635.0,44.0,798.0,23074.0,363.0,690472.41,723135.04,13.01,9.07,9.08,3.34,856,135979.0,112519.0,23460.0,17.0,8111.0,11750.0,2904.0,16918.0,24.0,12921.0,82.0,44.0,794.0,23074.0,-5750.0,-15274.0,2049.0,970,18.0,7286.0,798.0,2604.0,10706.0,1906.0,66.0,3730.0,5004.0,10706.0,61,Industrials,Engineering & Construction,3.03,Large Cap,LT,https://mkt.in/static/mkt-icons/nifty100/LT.png,Larsen & Toubro Ltd,https://in.tradingview.com/chart/?symbol=NSE%3ALT,"Lithuania, officially the Republic of Lithuania, is a country in the Baltic region of Europe. It is one of three Baltic states and lies on the eastern shore of the Baltic Sea, bordered by Latvia to the north, Belarus to the east and south, Poland to the south, and the Russian semi-exclave of Kaliningrad Oblast to the southwest, with a maritime border with Sweden to the west.",https://www.larsentoubro.com/,https://www.nseindia.com/get-quotes/equity?symbol=LT,https://www.bseindia.com/stock-share-price/larsen--toubro-ltd/lt/500510/,2.0,635.0,17.18,10.49,10.405310503196397,10.294879060950723,,1.7857750948069036,8.68669042424839,53.274542604729895,24
142,BAJAJFINSV,2021,12.16,32.42,20.56,3.59,2.12,0.22,863.0,3684.0,28.0,428.0,1.0,128461.0,4547.0,75.0,1489062.77,1474517.75,51.06,2.31,39.25,2.05,240,60592.0,40950.0,19641.0,32.0,-7.0,9274.0,498.0,9862.0,25.0,7367.0,28.0,1.0,240.0,4547.0,-3684.0,1687.0,2551.0,320,80.0,35750.0,128461.0,115554.0,279845.0,3182.0,129.0,113654.0,162879.0,279845.0,13,Financials,Diversified Financials,2.12,Large Cap,BAJAJFINSV,https://mkt.in/static/mkt-icons/nifty100/BAJAJFINSV.png,Bajaj Finserv Ltd,https://in.tradingview.com/chart/?symbol=NSE%3ABAJAJFINSV,"Bajaj Finserv Limited is an Indian non-banking financial services company headquartered in Pune. It is focused on lending, asset management, wealth management and insurance.",https://www.bajajfinserv.in/,https://www.nseindia.com/get-quotes/equity?symbol=BAJAJFINSV,https://www.bseindia.com/stock-share-price/bajaj-finserv-ltd/bajajfinsv/532978/,1.0,428.0,21.14,11.72,26.866929375263293,19.419000777252027,,0.6172118908646668,15.96436693564951,53.10508469637825,25
460,HDFCLIFE,2021,1.9,98.27,15.75,0.07,157.97,0.4,751.0,8952.0,7.0,73.0,30.0,600.0,9703.0,237.0,39084.76,49917.31,41.01,14.89,23.89,3.41,589,71528.0,0.0,70294.0,1235.0,2.0,445.0,51.0,1629.0,16.0,1361.0,7.0,30.0,558.0,9703.0,-8952.0,678.0,1429.0,676,2021.0,6619.0,600.0,170415.0,179655.0,585.0,14.0,173564.0,5493.0,179655.0,40,Financials,Life Insurance,0.93,Large Cap,HDFCLIFE,https://mkt.in/static/mkt-icons/nifty100/HDFCLIFE.png,HDFC Life Insurance Company Ltd,https://in.tradingview.com/chart/?symbol=NSE%3AHDFCLIFE,HDFC Life Insurance Company is engaged in carrying on the business of life insurance. The Company offers a range of individual and group insurance solutions.,http://www.hdfclife.com/,https://www.nseindia.com/get-quotes/equity?symbol=HDFCLIFE,https://www.bseindia.com/stock-share-price/hdfc-life-insurance-company-ltd/HDFCLIFE/540777/,10.0,73.0,6.61,11.4,19.68416652339917,12.124300302065084,,7.129316678912565,12.062609509010835,52.43320918679607,26
358,DRREDDY,2023,18.27,26.23,19.35,0.06,52.03,0.77,1779.0,4109.0,54.0,369.0,15.0,1347.0,5888.0,185.0,2212619.5,2760692.84,11.34,10.95,23.9,3.71,474,24670.0,18200.0,6470.0,26.0,971.0,143.0,1250.0,6048.0,25.0,4507.0,54.0,15.0,456.0,5888.0,-4109.0,-2686.0,-907.0,552,83.0,23203.0,1347.0,7576.0,32209.0,9219.0,1030.0,4986.0,16974.0,32209.0,31,Healthcare,Pharmaceuticals,1.01,Mid Cap,DRREDDY,https://mkt.in/static/mkt-icons/nifty100/DRREDDY.png,Dr Reddys Laboratories Ltd,https://in.tradingview.com/chart/qGsydD2w/?symbol=NSE%3AAMBUJACEM.T0,"Dr. Reddy's Laboratories Ltd is a leading India-based pharmaceutical company which offers a portfolio of products and services, including Active Pharmaceutical Ingredients (APIs), Custom Pharmaceutical services (CPS), generics, biosimilars and differentiated formulations.",https://www.drreddys.com/,https://www.nseindia.com/get-quotes/equity?symbol=DRREDDY,https://www.bseindia.com/stock-share-price/dr-reddys-laboratories-ltd/DRREDDY/500124/,1.0,369.0,26.5,21.4,8.148686685959095,12.4990986817211,,1.3064122476148214,12.691489174966097,51.77855568327907,27
450,HDFCBANK,2023,27.03,36.92,15.94,7.39,1.86,0.07,17822.0,2992.0,82.0,601.0,23.0,2139212.0,20814.0,233.0,865594.78,950386.57,33.49,4.99,18.17,2.75,578,170754.0,77780.0,63042.0,29932.0,18.0,33912.0,2345.0,61498.0,25.0,46149.0,82.0,23.0,548.0,20814.0,-2992.0,23941.0,41762.0,666,558.0,288880.0,2139212.0,101783.0,2530432.0,8431.0,0.0,511582.0,2010419.0,2530432.0,39,Financials,Private Banks,1.06,Large Cap,HDFCBANK,https://mkt.in/static/mkt-icons/nifty100/HDFCBANK.png,HDFC Bank Ltd,https://in.tradingview.com/chart/?symbol=NSE%3AHDFCBANK,"HDFC Bank Limited (also known as HDFC) is an Indian banking and financial services company headquartered in Mumbai. It is India's largest private sector bank by assets and the world's tenth-largest bank by market capitalization as of May 2024.
As of April 2024, HDFC Bank has a market capitalization of $145 billion, making it the third-largest company on the Indian stock exchanges",http://www.hdfcbank.com/,https://www.nseindia.com/get-quotes/equity?symbol=HDFCBANK,https://www.bseindia.com/stock-share-price/hdfc-bank-ltd/HDFCBANK/500180/,1.0,601.0,7.67,17.1,20.684308275577834,22.688572169378183,,0.45101735682246635,17.690395624285273,49.27840181206214,28
815,PIDILITIND,2023,10.92,16.83,17.87,0.05,42.52,1.12,659.0,899.0,25.0,171.0,44.0,391.0,1558.0,431.0,162985.56,202017.26,38.11,2.48,34.69,4.36,1001,11799.0,9813.0,1986.0,17.0,55.0,48.0,270.0,1723.0,25.0,1289.0,25.0,44.0,928.0,1558.0,-899.0,-656.0,2.0,1072,51.0,7161.0,391.0,2902.0,10505.0,4914.0,406.0,881.0,4304.0,10505.0,72,Materials,Specialty Chemicals,2.15,Large Cap,PIDILITIND,https://mkt.in/static/mkt-icons/nifty100/PIDILITIND.png,Pidilite Industries Ltd,https://in.tradingview.com/chart/?symbol=NSE%3APIDILITIND,"Pidilite Industries Limited is a leading manufacturer of adhesives and sealants, construction chemicals, craftsmen products, DIY products and polymer emulsions in India. Most of the products have been developed through strong in-house R&D. Our brand name Fevicol has become synonymous with adhesives to millions in India and is ranked amongst the most trusted brands in the country",http://www.pidilite.com/,https://www.nseindia.com/get-quotes/equity?symbol=PIDILITIND,https://www.bseindia.com/stock-share-price/pidilite-industries-ltd/PIDILITIND/500331/,1.0,171.0,29.7,22.8,11.667953979534062,13.737180731636279,10.203044708356757,1.208688906128782,14.05813509062337,48.90138541151113,29
498,HINDUNILVR,2024,16.61,76.32,20.07,0.03,57.85,0.79,10145.0,5324.0,44.0,216.0,96.0,1484.0,15469.0,258.0,548890.59,587463.38,34.51,11.88,7.52,4.32,630,61896.0,334.0,47237.0,14659.0,24.0,817.0,1216.0,13926.0,26.0,10282.0,44.0,96.0,596.0,15469.0,-5324.0,-10034.0,111.0,718,235.0,50541.0,1651.0,28338.0,80765.0,54027.0,1022.0,4316.0,21400.0,80765.0,43,Consumer Staples,FMCG,1.11,Mid Cap,HINDUNILVR,https://mkt.in/static/mkt-icons/nifty100/HINDUNILVR.png,Hindustan Unilever Ltd,https://in.tradingview.com/chart/?symbol=NSE%3AHINDUNILVR,"Hindustan Unilever is in the FMCG business comprising primarily of Home Care, Beauty & Personal Care and Foods & Refreshment segments. The Company has manufacturing facilities across the country and sells primarily in India.",http://www.hul.co.in/,https://www.nseindia.com/get-quotes/equity?symbol=HINDUNILVR,https://www.bseindia.com/stock-share-price/hindustan-unilever-ltd/HINDUNILVR/500696/,1.0,216.0,27.2,20.2,7.832230713093313,9.369522756745852,10.038781395437567,1.504473837774752,8.464871603605072,47.17615643250288,30
393,GODREJCP,2022,14.52,19.62,15.43,0.15,20.39,0.76,607.0,844.0,17.0,119.0,0.0,1704.0,1451.0,202.0,1112834.15,1198952.25,54.25,5.01,7.79,3.19,512,12276.0,9867.0,2409.0,20.0,78.0,122.0,210.0,2155.0,17.0,1783.0,17.0,0.0,491.0,1451.0,-844.0,-380.0,227.0,590,102.0,11454.0,1704.0,2822.0,16082.0,9219.0,116.0,1015.0,5731.0,16082.0,34,Consumer Staples,Personal Products,0.89,Large Cap,GODREJCP,https://mkt.in/static/mkt-icons/nifty100/GODREJCP.png,Godrej Consumer Products Ltd,https://in.tradingview.com/chart/?symbol=NSE%3AGODREJCP,"Godrej Consumer Products Limited is an Indian Multinational consumer goods company based in Mumbai, India. GCPL's products include soap, hair colourants, toiletries and liquid detergents.",https://www.godrejcp.com/,https://www.nseindia.com/get-quotes/equity?symbol=GODREJCP,https://www.bseindia.com/stock-share-price/godrej-consumer-products-ltd/godrejcp/532424/,1.0,119.0,26.49,6.77,7.423727060784069,,,0.8137969713965227,,46.614498142416345,31
790,ONGC,2022,10.03,16.26,19.0,0.47,15.22,0.84,37051.0,41197.0,36.0,275.0,29.0,121986.0,78248.0,418.0,406613.69,429326.73,44.82,14.33,23.74,4.48,974,491246.0,411373.0,79874.0,16.0,6797.0,5696.0,26883.0,54091.0,9.0,49294.0,36.0,29.0,903.0,78248.0,-41197.0,-35790.0,1261.0,854,6290.0,253213.0,121986.0,201771.0,583260.0,254402.0,106719.0,66642.0,155496.0,583260.0,70,Energy,Oil & Gas Exploration,4.49,Large Cap,ONGC,https://mkt.in/static/mkt-icons/nifty100/ONGC.png,Oil & Natural Gas Corpn Ltd,https://in.tradingview.com/chart/?symbol=NSE%3AONGC,"The Oil and Natural Gas Corporation is an Indian government-owned-oil and gas explorer and producer. It is under the ownership of Ministry of Petroleum and Natural Gas, Government of India. Its registered office is in New Delhi.",https://www.ongcindia.com/,https://www.nseindia.com/get-quotes/equity?symbol=ONGC,https://www.bseindia.com/stock-share-price/oil-and-natural-gas-corporation-ltd/ongc/500312/,5.0,275.0,19.71,14.32,12.493606976845228,8.200932942621964,,1.5873737168823792,6.755905763916981,45.71714041316793,32
510,ICICIBANK,2024,28.89,62.41,17.99,6.45,1.3,0.07,12547.0,144737.0,63.0,365.0,16.0,1651008.0,157284.0,264.0,1319221.86,1598760.1,25.76,6.2,38.28,3.43,643,159516.0,74108.0,99560.0,-14152.0,-9.0,76522.0,1935.0,60434.0,26.0,46081.0,63.0,16.0,608.0,157284.0,-144737.0,13765.0,26312.0,730,1405.0,254739.0,1651008.0,456911.0,2364063.0,15714.0,0.0,827163.0,1521186.0,2364063.0,44,Financials,Private Banks,3.87,Large Cap,ICICIBANK,https://mkt.in/static/mkt-icons/nifty100/ICICIBANK.png,ICICI Bank Ltd,https://in.tradingview.com/chart/?symbol=NSE%3AICICIBANK,"ICICI Bank is the second-largest private sector bank in India offering a diversified portfolio of financial products and services to retail, SME and corporate customers. The Bank has an extensive network of branches, ATMs and other touch-points",http://www.icicibank.com/,https://www.nseindia.com/get-quotes/equity?symbol=ICICIBANK,https://www.bseindia.com/stock-share-price/icici-bank-ltd/ICICIBANK/532174/,2.0,365.0,7.6,18.8,12.218358333209721,14.76520128002361,,3.4132071786636575,13.93549051581564,45.30110650642544,33
911,SIEMENS,2024,12.22,13.96,17.7,0.02,67.15,0.88,1168.0,502.0,76.0,431.0,16.0,279.0,1670.0,486.0,1191331.95,1268446.56,33.32,9.25,30.88,3.69,1119,22240.0,19136.0,3104.0,14.0,925.0,60.0,330.0,3639.0,25.0,2718.0,76.0,16.0,1037.0,1670.0,-502.0,-523.0,644.0,1284,71.0,15286.0,279.0,9663.0,25299.0,3112.0,103.0,1.0,22082.0,25299.0,81,Industrials,Capital Goods,0.99,Large Cap,SIEMENS,https://mkt.in/static/mkt-icons/nifty100/SIEMENS.png,Siemens Ltd,https://in.tradingview.com/chart/qGsydD2w/?symbol=NSE%3AAMBUJACEM.T0,"Siemens Limited offers products, integrated solutions for industrial applications for manufacturing industries, drives for process",https://www.siemens.com/in/en.html,https://www.nseindia.com/get-quotes/equity?symbol=SIEMENS,https://www.bseindia.com/stock-share-price/siemens-ltd/SIEMENS/500550/,2.0,431.0,25.6,19.1,5.805378630478142,10.934425556556636,,0.6144223693892568,16.15461431239702,45.22773104150019,34
381,GAIL,2022,13.26,16.34,19.19,0.14,89.53,0.96,3930.0,5490.0,18.0,127.0,36.0,9216.0,9420.0,196.0,1209368.79,1283114.71,66.94,6.52,20.9,3.73,499,92770.0,77608.0,15161.0,16.0,2925.0,202.0,2420.0,15464.0,20.0,12304.0,18.0,36.0,479.0,9420.0,-5490.0,-3917.0,13.0,577,4440.0,59674.0,9216.0,23254.0,96584.0,44572.0,15490.0,16408.0,20114.0,96584.0,33,Energy,Gas Distribution,3.12,Large Cap,GAIL,https://mkt.in/static/mkt-icons/nifty100/GAIL.png,GAIL (India) Ltd,https://in.tradingview.com/chart/?symbol=NSE%3AGAIL,"Incorporated in 1984, GAIL, a Government of India undertaking, is an integrated natural gas company in India. It owns over 11,500 km of natural gas pipelines, over 2300 km of LPG pipelines, six LPG gas-processing units and a petrochemicals facility. It also has a joint-venture interest in Petronet LNG Ltd, Ratnagiri Gas and Power Pvt Ltd, and in the CGD business in several cities",https://gailonline.com/,https://www.nseindia.com/get-quotes/equity?symbol=GAIL,https://www.bseindia.com/stock-share-price/gail-india-ltd/GAIL/532155/,10.0,127.0,14.7,14.0,9.1268267432707,7.727301367309192,,0.7656046814044213,8.68669042424839,44.167791587217316,35
311,DABUR,2024,14.6,19.35,18.36,0.14,23.24,0.82,1042.0,971.0,10.0,59.0,53.0,1365.0,2013.0,162.0,56521.84,67755.32,50.95,13.59,12.02,3.42,423,12404.0,10004.0,2400.0,19.0,482.0,124.0,399.0,2359.0,23.0,1811.0,10.0,53.0,409.0,2013.0,-971.0,-1161.0,-119.0,502,177.0,10185.0,1752.0,4259.0,16373.0,3874.0,190.0,7599.0,4710.0,16373.0,27,Consumer Staples,Personal Products,2.4,Large Cap,DABUR,https://mkt.in/static/mkt-icons/nifty100/DABUR.png,Dabur India Ltd,https://in.tradingview.com/chart/?symbol=NSE%3ADABUR,Dabur India is one of the leading fast moving consumer goods (FMCG) players dealing in consumer care and food products.,http://www.dabur.com/,https://www.nseindia.com/get-quotes/equity?symbol=DABUR,https://www.bseindia.com/stock-share-price/dabur-india-ltd/DABUR/500096/,1.0,59.0,22.3,19.2,6.601431123318302,8.13637059268537,13.939467460627132,1.1115405853119824,8.68669042424839,43.175284051619784,36
484,HINDALCO,2022,7.04,85.47,17.56,0.82,133.06,0.88,10065.0,6773.0,61.0,153.0,6.0,64486.0,16838.0,250.0,477796.57,514931.21,58.41,9.72,9.1,2.8,615,195059.0,3768.0,166712.0,28347.0,15.0,1253.0,6729.0,19103.0,28.0,13730.0,61.0,6.0,582.0,16838.0,-6773.0,-6765.0,3300.0,702,222.0,77969.0,64486.0,79178.0,221855.0,106874.0,4945.0,14119.0,95917.0,221855.0,42,Materials,Metals & Mining,0.64,Large Cap,HINDALCO,https://mkt.in/static/mkt-icons/nifty100/HINDALCO.png,Hindalco Industries Ltd,https://in.tradingview.com/chart/?symbol=NSE%3AHINDALCO,"Incorporated in 1958, Hindalco Industries Ltd. is a flagship company of the Aditya Birla Group. The Co and its subsidiaries are primarily engaged in the production of Aluminium and Copper. It is also
engaged in the manufacturing of aluminium sheet, extrusion and light gauge products for use in packaging markets like beverage and food, can and foil products, etc.",http://www.hindalco.com/,https://www.nseindia.com/get-quotes/equity?symbol=HINDALCO,https://www.bseindia.com/stock-share-price/hindalco-industries-ltd/HINDALCO/500440/,1.0,153.0,11.3,10.2,9.424055656737607,11.699102037847965,,1.226365622723962,9.856711303638566,42.897842281729844,37
614,JINDALSTEL,2022,13.22,30.32,18.99,0.38,7.24,0.67,13717.0,2331.0,56.0,464.0,5.0,13502.0,16048.0,322.0,349306.1,394403.82,47.36,3.25,23.96,4.38,782,51166.0,35650.0,15515.0,30.0,-1840.0,1888.0,2097.0,9690.0,30.0,6766.0,56.0,5.0,721.0,16048.0,-2331.0,-15120.0,-1403.0,1045,101.0,35524.0,13502.0,27517.0,76644.0,45488.0,2538.0,470.0,28147.0,76644.0,54,Materials,Steel,1.41,Large Cap,JINDALSTEL,https://mkt.in/static/mkt-icons/nifty100/JINDALSTEL.png,Jindal Steel & Power Ltd,https://in.tradingview.com/chart/?symbol=NSE%3AJINDALSTEL,"Jindal Steel & Power Ltd is one of the India's leading steel producers with significant presence in sectors like mining and power generation. The group has global presence through subsidiaries, mainly in Australia, Botswana, Indonesia, Mauritius, Mozambique, Madagascar, Namibia, South Africa, Tanzania and Zambia",http://www.jindalsteelpower.com/,https://www.nseindia.com/get-quotes/equity?symbol=JINDALSTEL,https://www.bseindia.com/stock-share-price/jindal-steel-power-ltd/JINDALSTEL/532286/,1.0,464.0,13.2,14.1,8.85233565621637,6.567875276514168,,2.371859296482412,5.860343768416909,42.66326434700708,38
884,SHREECEM,2021,17.23,30.17,15.18,0.14,18.0,0.63,1603.0,2651.0,646.0,5787.0,9.0,2230.0,4254.0,471.0,1568926.09,1806995.31,32.7,6.72,24.53,3.78,1090,13560.0,9468.0,4091.0,30.0,426.0,251.0,1262.0,3004.0,24.0,2337.0,646.0,9.0,1010.0,4254.0,-2651.0,-1233.0,370.0,1221,36.0,15361.0,2230.0,3886.0,21513.0,6216.0,997.0,8500.0,5800.0,21513.0,79,Materials,Cement,2.86,Large Cap,SHREECEM,https://mkt.in/static/mkt-icons/nifty100/SHREECEM.png,Shree Cement Ltd,https://in.tradingview.com/chart/qGsydD2w/?symbol=NSE%3AAMBUJACEM.T0,Shree Cement is engaged in manufacturing and selling of cement and cement related products and is ** one of the lowest cost producers in the country. It is the 3rd largest** cement,https://www.shreecement.com/,https://www.nseindia.com/get-quotes/equity?symbol=SHREECEM,https://www.bseindia.com/stock-share-price/shree-cement-ltd/SHREECEM/500387/,10.0,5787.0,14.8,12.2,14.24467116762238,5.6103507499905225,6.898030378675513,1.8202824133504494,5.240977914892553,41.752155710455696,39
827,PNB,2023,3.87,,30.67,4.9,,1.3,21860.0,732.0,3.0,110.0,21.0,53621.0,22592.0,437.0,2086779.73,2427273.35,20.74,8.38,38.52,2.83,1014,86845.0,41502.0,,,12529.0,51817.0,905.0,5151.0,35.0,3359.0,3.0,21.0,940.0,22592.0,-732.0,1275.0,23135.0,1133,169.0,10784.0,53621.0,2231.0,66805.0,146.0,3.0,3188.0,63468.0,66805.0,73,Financials,Public Sector Banks,3.82,Large Cap,PNB,https://mkt.in/static/mkt-icons/nifty100/PNB.png,Punjab National Bank,https://in.tradingview.com/chart/?symbol=NSE%3APNB,"Punjab National Bank is an Indian government bank based in New Delhi. It was founded in May 1894 and is the second-largest public sector bank in India in terms of its business volumes, with over 180 million customers, 12,248 branches, and 13,000+ ATMs.",https://www.pnbindia.in/,https://www.nseindia.com/get-quotes/equity?symbol=PNB,https://www.bseindia.com/stock-share-price/punjab-national-bank/pnb/532461/,2.0,110.0,1.63,8.7,8.813269317115036,5.616500255021095,,6.725811253349211,-10.76416974569997,38.70619413178372,40
473,HEROMOTOCO,2023,8.2,88.0,16.81,0.03,53.04,1.43,2193.0,421.0,141.0,951.0,71.0,568.0,2614.0,245.0,1542037.68,1580646.36,11.61,7.5,36.98,3.56,603,34158.0,105.0,30060.0,4099.0,12.0,567.0,697.0,3864.0,28.0,2800.0,141.0,71.0,571.0,2614.0,-421.0,-2147.0,45.0,690,40.0,16616.0,568.0,6694.0,23917.0,6159.0,454.0,10891.0,6413.0,23917.0,41,Consumer Discretionary,Two Wheelers,0.26,Large Cap,HEROMOTOCO,https://mkt.in/static/mkt-icons/nifty100/HEROMOTOCO.png,Hero MotoCorp Ltd,https://in.tradingview.com/chart/?symbol=NSE%3AHEROMOTOCO,"Hero Moto Corp earlier also known as \""Hero Honda\"" is one of India's first motorcycle manufacturers.
The company started in 1984 as a Technological collaboration with Honda, Japan. Before this collaboration, Hero was selling Cycles under the brand name, Hero Cycles.",http://www.heromotocorp.com/,https://www.nseindia.com/get-quotes/equity?symbol=HEROMOTOCO,https://www.bseindia.com/stock-share-price/hero-motocorp-ltd/HEROMOTOCO/500182/,2.0,951.0,29.1,22.0,4.104001615840858,5.936862676941823,8.674914145052593,0.9335714285714286,5.941283634174321,37.89906160149035,41
428,HAVELLS,2024,6.84,10.12,17.07,0.04,25.36,1.5,335.0,1618.0,20.0,124.0,44.0,303.0,1953.0,222.0,2521508.87,2620805.22,45.41,14.08,30.73,2.6,553,18590.0,16709.0,1881.0,10.0,249.0,84.0,338.0,1707.0,26.0,1271.0,20.0,44.0,525.0,1953.0,-1618.0,-534.0,-199.0,655,63.0,7731.0,332.0,4718.0,12843.0,4488.0,130.0,20.0,8206.0,12843.0,37,Industrials,Consumer Electricals,1.44,Large Cap,HAVELLS,https://mkt.in/static/mkt-icons/nifty100/HAVELLS.png,Havells India Ltd,https://in.tradingview.com/chart/qGsydD2w/?symbol=NSE%3AAMBUJACEM.T0,"Havells India Limited is a leading Fast Moving Electrical Goods (FMEG) Company and a major power distribution equipment manufacturer with a strong global presence.
It enjoys enviable market dominance across a wide spectrum of products, including Industrial & Domestic Circuit Protection Devices, Cables & Wires, Motors, Fans, Modular Switches, Home Appliances, Air Conditioners, Electric Water Heaters, Power Capacitors, Luminaires for Domestic, Commercial and Industrial",https://havells.com/,https://www.nseindia.com/get-quotes/equity?symbol=HAVELLS,https://www.bseindia.com/stock-share-price/havells-india-ltd/HAVELLS/517354/,1.0,124.0,24.4,18.0,9.095733038077537,7.375774829170223,-3.469343496883137,1.5365853658536586,7.529130766771397,37.30136978809486,42
263,CANBK,2024,13.94,41.75,16.72,14.87,1.61,0.07,13296.0,1750.0,17.0,102.0,19.0,1369780.0,15046.0,138.0,496415.88,483983.21,36.74,12.61,25.23,3.81,371,110519.0,72118.0,46146.0,-7745.0,-7.0,28646.0,902.0,20000.0,26.0,15401.0,17.0,19.0,361.0,15046.0,-1750.0,-3834.0,9462.0,450,1814.0,90319.0,1369780.0,73104.0,1535018.0,12331.0,0.0,399207.0,1123480.0,1535018.0,23,Financials,Public Sector Banks,2.96,Large Cap,CANBK,https://mkt.in/static/mkt-icons/nifty100/CANBK.png,Canara Bank,https://in.tradingview.com/chart/?symbol=NSE%3ACANBK,"Canara Bank was merged with erstwhile Syndicate Bank in FY21.{# Canara was incorporated in 1906 and nationalised in 1969, along with 13 other major commercial banks of India, by the GoI. The bank is headquartered in Bangalore.",http://www.canarabank.com/,https://www.nseindia.com/get-quotes/equity?symbol=CANBK,https://www.bseindia.com/stock-share-price/canara-bank/CANBK/532483/,2.0,102.0,6.63,17.9,11.291100655809627,16.05134826357628,5.247691552181655,0.9769495487306019,3.217089051352806,29.807918638580748,43
